{
  "Anotherwebsite" : {
    "transaction" : "Anotherwebsite",
    "sampleCount" : 35,
    "errorCount" : 35,
    "errorPct" : 100.0,
    "meanResTime" : 334.45714285714286,
    "medianResTime" : 255.0,
    "minResTime" : 216.0,
    "maxResTime" : 1133.0,
    "pct1ResTime" : 668.1999999999999,
    "pct2ResTime" : 1061.7999999999997,
    "pct3ResTime" : 1133.0,
    "throughput" : 3.533212194629517,
    "receivedKBytesPerSec" : 6.721877050524934,
    "sentKBytesPerSec" : 0.44855232939632544
  },
  "Total" : {
    "transaction" : "Total",
    "sampleCount" : 35,
    "errorCount" : 35,
    "errorPct" : 100.0,
    "meanResTime" : 334.45714285714286,
    "medianResTime" : 255.0,
    "minResTime" : 216.0,
    "maxResTime" : 1133.0,
    "pct1ResTime" : 668.1999999999999,
    "pct2ResTime" : 1061.7999999999997,
    "pct3ResTime" : 1133.0,
    "throughput" : 3.533212194629517,
    "receivedKBytesPerSec" : 6.721877050524934,
    "sentKBytesPerSec" : 0.44855232939632544
  }
}